Codigo Vendedor;Vendedor;Foto
OH-267;Felicidad Urrutia Ángel;http://farm6.staticflickr.com/5502/11550929204_d49a132feb_o.jpg
KO-270;Febe Cabeza Parejo;http://farm3.staticflickr.com/2811/11551022076_9260a3f20d_o.jpg
GC-850;Adolfo Leon Díez;http://farm4.staticflickr.com/3682/11550895504_4cfa795013_o.jpg
OE-256;Alex Caparrós Ribera;http://farm6.staticflickr.com/5537/11550895544_2f1fc49a1c_o.jpg
AO-883;Demetrio Menendez-Rodriguez;http://farm4.staticflickr.com/3672/11550895574_542fbb4125_o.jpg
HP-651;Mohamed Sanmiguel Jove;http://farm8.staticflickr.com/7428/11549627473_2a071cc3cd_o.jpg
SD-209;Primitivo Verdú Lucena;http://farm4.staticflickr.com/3833/11549608016_e1c7d0e5ce_o.jpg
PG-329;Roldán Boix Alarcón;http://farm6.staticflickr.com/5506/11549608026_8af4822738_o.jpg
IZ-892;Rosario Sainz Quirós;http://farm8.staticflickr.com/7358/11549627523_ccf0967139_o.jpg
